<?xml version="1.0" encoding="UTF-8"?>
<project-private xmlns="http://www.netbeans.org/ns/project-private/1">
    <editor-bookmarks xmlns="http://www.netbeans.org/ns/editor-bookmarks/2" lastBookmarkId="0"/>
    <open-files xmlns="http://www.netbeans.org/ns/projectui-open-files/2">
        <group>
            <file>file:/C:/Users/User/Desktop/Vem%20ai%20omg/ProjetoPOO/src/br/edu/login/view/TelaEscolha.java</file>
            <file>file:/C:/Users/User/Desktop/Vem%20ai%20omg/ProjetoPOO/src/br/edu/login/view/CalculadoraView.java</file>
            <file>file:/C:/Users/User/Desktop/Vem%20ai%20omg/ProjetoPOO/src/br/edu/login/view/ImcInterfaz.java</file>
            <file>file:/C:/Users/User/Desktop/Vem%20ai%20omg/ProjetoPOO/src/br/edu/login/view/LoginView.java</file>
            <file>file:/C:/Users/User/Desktop/Vem%20ai%20omg/ProjetoPOO/src/br/edu/login/view/Tabla.java</file>
            <file>file:/C:/Users/User/Desktop/Vem%20ai%20omg/ProjetoPOO/src/br/edu/login/view/NewJFrame.java</file>
        </group>
    </open-files>
</project-private>
